CALCIUM,MKSFTLVTILILVFSTIVCLNVNGVEAAESPSRVLFRRGTNCLPHLKLCHGHKECCSKKCTRRGTNPEQRCR
CALCIUM,SFHIEIKNILSSICLGAEANGANFLERRADCLAHLKLCKKNNDCCSKKCSRRGTNPEQRCR
CALCIUM,MKTSVLSIILIVTLVAACFVIDGAEANNVRIVKRSCLENRRICKTNNDCCSKKCVRRGRIPSKKCE
CALCIUM,MKGRKFMIIFAVVLIFVSCFGIYEASGIASVHNAPMKRQARCLDHLKICRDNKECCSKKCKRRGTTEHKRCR
CALCIUM,MKASTLVVIFIVTFITISSFSIHDVQASGVEKREQKDCLKKLKLCKENKDCCSKSCKRRGTNIEKRCR
CALCIUM,MKGNKFMIIFAVVLIVLCFGISEASGIASIDNTPLKIQKRCLSNHKICKENKECCSNKCSRNFGTTERKKCH
CALCIUM,MKQNILMIIFIVAFVTVASLTIHGAEASDIEFLEKRADCLGHLKLCKKNKDCCSKKCSRRGTNPQQRCR
CALCIUM,MKGSKFMIILATVLVILCFGFSEARGIASIDSTPLKRQKRCLDHLKICKDNRDCCSNKCKRRGTTEHKRCR
CALCIUM,MKQNTMTIMFIVFIITFASLTIYGAEANGANFLERRADCLPHLKLCKKNNDCCSKKCSRRGTNPEQRCR
CALCIUM,MKSFTLVTISILVLITIACLNVNDVEAVESRSRELFRRGTRNCIAHLQRCRKNNDCCSKNCKRRGTQPEQRCR
CALCIUM,MKQNILMIIFIVAFITVASLTIHGAEASDVEFLEKRADCLPHLKLCKKNKDCCSNKCSRRGTNAEQRCR
CALCIUM,MKQNTMTIMFIVFFITFASLAIYGAEASEEANFLERRADCLPHLKLCKKNKDCCSKECSRRGTNPEQRCR
CALCIUM,MKWILFTIAFILAVTFVTCARNHEPSLIRDVAERLFRRESCYPRLKLCRANSKCCSKKCKRRGTNPEKRCR
CALCIUM,TVRRSIVTFITISSFSIHDVQASGVEKREQKDCLKKLKLCKENKDCCSKSCKRRGTNIEKRCR
CALCIUM,MKTNTLIIIFIVACITVASLTIPEVEASEIEFLEKRGDKDCLAHLKLCKKDKDCCSKKCKRRGTNAEQRCRT
CALCIUM,MKSSLIIVIFIVAYMTISCLGADDEQETWIEKRGDCLPHLKPCKENKDCCSKKCKRRGTNIEKRCR
CALCIUM,LQSDDLSRFRKVTKMKSSLIIVIFILAFMTISCSGADDEQGTWIEERGDCLPHLKRCRADNDCCSKKCKRRGTNAEKRCR
CALCIUM,MKQNTLIIMFIVFFVTIASLTAHGAEEREFELLEKRADCLPHLKLCKNNKDCCSKKCSRRGTNAEQRCR
CALCIUM,MKSSAVVMIFILAFITITCLNTYETSELRSGISALLRQKRDCKPHLKLCKNTRECCSNKCKRRGTNAEQRCRT
CALCIUM,KENRECCSNKCKRRGTNVEKRCR
CALCIUM,MKGSKFMIILAVVLIVLCFDISEASGIASINNARQKRQTKCLEHRQIKDNKSCCSNKCKIRGTTPPKRCR
CALCIUM,MKPSLIIVIFIVAFMTISCSGADDEQGTWIEERGDCLPHLKRCKADNDCCGKKCKRRGTNAEKRCR
CALCIUM,MKWILFTIAFILAVTFVTCARNHEPSLIRDVAERLFRRESCYPRLKRCRANSNCCSKKCKRRGTNPEKRCR
CALCIUM,SPTIKMKARLLVVIFIVTFITISCLTTDDAQARSIEKRGDCLAHLKLCRENKDCCSKKCKRRGTNAEKRCR
CALCIUM,MRKTTLIIIFMVAFITCLSISEASSIRSSIARALSTSRQCLVDLQPCREDKHCCSKKCKRRGTSPQRRCRKR
CALCIUM,MKASTLSFILIVAVITITCLNIQEAEASKARSVIGKVLRSKTCIESFKLCSQNDYCCSRRCSRRSSNTQKRCQ
CALCIUM,MKQNTLIIMFIVFFVTIASLTAHGAEQREFELLEKRADCLAHLKLCKKNSDCCSKKCSRRGTNIEQRCR
CALCIUM,MKPPTLIILLVAFIAISCIYVQDVEANPTKERREACLARLQLCKNNNECCSKRCKVRGTTPPKRCR
CALCIUM,MKASLLIAILIVTFVTISCLSTDDLQAKWISKREKRADCKAKLSLCKENKECCSKKCKRRGTNIEKRCR
CALCIUM,MKPSLIIVTFIVVFMTISCVAADDEQETWIEKRGDCLPHLKRCKENNDCCSKKCKRRGANPEKRCR
CALCIUM,MKTSTLSLIFIVALTVACFGINGAEASDIMLSKRSCFEKGRICKTHNDCCSKKCVKKGAIPSRKCA
CALCIUM,MKASLLIVILIVTSVTISCLGADDVEARWIVKRERRADCLGKLKLCRENKDCCSKKCKRRGTNVEKRCRV
CALCIUM,MKTSSLTIIFIAVIITIICLNIHDVEAREIEFNAGRVVRSEKDCIKHLHRCRENKDCCSKKCSRRGTNPEKRCR
CALCIUM,MKQNTMTIMFIVFIITFASLTIYGAEANGANFLERRADCLPHLKLCKKNKDCCSNKCTRRGTNPEQRCR
CALCIUM,MKSTKLTIVFIVTIIIVSCFSIHEASETGFDQRDELQIQKRDCLPHLKRCHKPKECCSGKCSRRGTNAEMRCR
CALCIUM,QSDDLIIVSIPSCRDCLPKLKLCRTNKDCCSNRCKRRGTNPEKRCR
CALCIUM,MKPCTILILSVVFVAICCISVHDVEASMTKERREACLARLQLCKYNNDCCSKKCKVRGTTPPKRCR
CALCIUM,MMIRCLYLQLHHINYVGFNGGRLQKAKYFFSCAGYMEDCRKNSDCCSDRCRRKGTRSKKRCRSNPHEDDD
CALCIUM,MMSRTLVMIFILAFIAIGCLNAYEASEIRSGVSALLRQKRECKPHLKLCKDNRECCSNKCKRRGTNVEKRCRT
CALCIUM,MKSSAVVMIFILAFITITCLNTYETSELRSGISALLRQKRDCKPHLKLCKNNRECCSNKCKRRGTNAEQRCRT
CALCIUM,LLTTGGLTVHEVVQNPKRTMKTSTLSLIFIVALTIACFGIDGAEASSIMLSKRSCKESGKICKSDHDCCSKKCVKKGTIPSKKCN
CALCIUM,MKQNTMTIIFIVSIITFASLTIYGAEASEANFLERRGGCLPHLKLCKKNNDCCSKKCSRRGTNAEQRCR
CALCIUM,MKSFSLVMIFILVIITTTCLDINEASESHSRALLRRENSRNCIAHLQPCRENNSCCSKKCKRRGTNPGKRCR
CALCIUM,MKGSKFVFIFTVILICISCFGIYEVSGITSIDNTRMKRQTRCLARLSICRENRDCCNKKCKRRGTTEHKRCR
CALCIUM,MKGSKFVIIFAAVLIFVSCFGIYEASGIASIDNTPLNIQKRCLDHLKKCRENKDCCSKKCKRRGVIEYKRCR
CALCIUM,MKSSLIIVIFIVAFVTISCLGADDEQETWIEKRGGCLPHLKLCRENNDCCSKKCKRRGTNAEKRCR
CALCIUM,MKQNTMTIVFIVFFITFASLAIYGAEASEEANFLERRADCLAHLKKCKKNNDCCSKKCSRRGTNPEQRCR
CALCIUM,MKSSLIIVIFIVAYMTISCLGADDEQETWIEKRGDCLPHLKPCKENRDCCSKKCKRRGTNIEKRCR
CALCIUM,MKASSLSILFILAIITVTCLSLHEASEVRTYVGRLQRKENCLGHLKLCRQNKDCCSKKCKRRGTNPEQRCR
CALCIUM,MKMKQNTLIIIFIAVFITVASLTIHDAEASEIEFLEKRADCLAHLKICKHNKDCCSKKCSRRGTNAEQRCR
CALCIUM,MKQNTLTIIFIVFIITFASLTIYGAEANGANFLERRADCLAHLKLCKKNNDCCSKKCSRRGTNPEQRCR
CALCIUM,MKGSKFVIIFAVVLIFVSCFGIYEASGIASIDNTPLNIQKRCLDHLKKCRENKDCCSKKCKRRGVTEYKRCR
CALCIUM,MKGSKFMIIVATVLVILCFGFSEVSGIASIDNTPLKRQKRCLDHLKICKDNRDCCSNKCKRRGTTEHKRCR
CALCIUM,MKARLLVVIFIVTFITISCLTTDDAQARSIEKRGDCLAHLKLCRENKDCCSKKCKRRGTNAEKRCR
CALCIUM,MKASSLSILFILAIITVTCLSLNEASEVRTYVGRLQRRENCLGHLTRCHQNRDCCSKKCKRRGTNPEQRCR
CALCIUM,MKQNTMTIIFIVFVITFASLSIYGAEASSDNFLEKRGGCLPHLKLCKKNNDCCSKKCSRRGTNPEQRCR
CALCIUM,ADCLAHLKLCKKNNDCCSKKCSRRGTNPEQRCR
CALCIUM,MTISCSGADDEQGTWIEERGDCLPHLKRCRADNDCCSKKCKRRGTNAEKRCR
CALCIUM,MKTSRLTTIFIAVVITIICLNIHDVEAREIEFNAGRVVRSEKDCIKHLHLCRENKQCCSKKCTRRGTNPEKRCR
CALCIUM,MKSSALVMIFILAFITITCLNTYETSELRSGISALLRQKRECKPHLKLCKNNKECCSNKCKRRGTNAEQRCRT
CALCIUM,MKQNMLMIIFIVAFVTVACLTIHGAEASDIEFLEKRADCLGHLKLCKKNKDCCSKKCSRRGTNPEQRCR
CALCIUM,MKASTLVVIFIVIFITISSFSIHDVQASGVEKREQKDCLKKLKLCKENKDCCSKSCKRRGTNIEKRCR
CALCIUM,MKQNTSIIFVAVIVIIVSLTFHEAESSEIGLLAKRGQPGQKNCLAHLKLCKKNKDCCSNKCSRRGTNAEQRCRT
CALCIUM,MKSFSLVMILILVLITATCLDMNEASESRSRTLLRRENFRNCIAHLQPCRANNDCCSKKCKRRGSNPNKRCR
CALCIUM,MKSSTLVAIFILAFVTIFCFSINDAQASGIERRQQKNCLKELKLCKENKDCCSKKCKRRGTNIEKRCRK
CALCIUM,GDCLPHLKLCKENKDCCSKKCKRRGTNIEKRCR
POTASSIUM,MKKISFLLLLAIVICSIGWTDGQFTDVRCSASSKCWPVCKKLFGTYKGKCKNSKCRCYS
POTASSIUM,MCLAYIPSYYYDKTSGQCKRFIYGGCGGNDNRFSTKEECEDTCQVTQTESVCELEAETGPCFGYFPRYYFNKVSGECEKFVYGGCRGNSNNFKTIDECEQQCRGY
POTASSIUM,KAIDTLSPLIPVPPIVTKILKSAAKQVVHKGTKLQSMCMFNSDPTGMCESYCQTTEQQRGYCHGTKCKCGKPLSYK
POTASSIUM,GFGCYRSCWKAGHDEETCKKECS
POTASSIUM,MQIKFTILILLVISTFCSCGLIREKYFHQGVDALTPLIPVPVVGGVVNKVAKQMIHKIGKIQSLCAFNKDMASLCEKKCQETEKVKGYCHGTKCKCGKPLSYK
POTASSIUM,MRLAIILLLMTTIVLTIGSPLHGAKCSSSNQCTRPCRYGGGTHGKCMNGRCRCYG
POTASSIUM,MKAALVCLALLSIFCTFSCNDICSLPAETGICKAYFRRYYYDRKNGKCNIFIYGGCRGNSNNFRNRLDCCKACSSVKGNCLSR
POTASSIUM,MSTFVIVFLLLTAILCHAEHPLDETARGCNRLNKKCNSDGDCCTYGERCISTGVNYYCKPDFGP
POTASSIUM,EVDMRCKSSKECLVKCKQATGRPNGKCMNRKCKCYPR
POTASSIUM,MYTKLIVAVIMLVCISSDAEEIDCTLPAETGPCKAAILRYYYNATTGQCESFTYGGCGGNSNNFENITDCCNYCNAGDCSS
POTASSIUM,IPEMKLLPLVFVILIVCAFLPEEASCSQGEMERSEESLEESRDIVKRSCKRVCSGSRRSKKCMQKCKKQHGR
POTASSIUM,MKVFFAVLITLFVCSMIIGIHAGMPIILVKCTGSQQCLKPCKDAGMRFGKCMNGKCHCTPK
POTASSIUM,MSRLYAIILIALVLNVIMTIMPDSKVEAVSCEDCPEHCSTQKARAKCDNDKCVCESV
POTASSIUM,MKVFFAVLITLFVCSMIIGIHGGVPINVKCRGSRDCLDPCKKAGMRFGKCINSKCHCTPW
POTASSIUM,KVIDVKCTSPKQCLPPCKAQFGD
POTASSIUM,MKSFLLIALVLFFLFVSYASAKKKCQLPSDVGKGKASFTRYYYNEESGKCETFIYGGVGGNSNNFLTKEDCCRECAQGSC
POTASSIUM,MESSRKSYVLMLFLAFVIMNVCSVSGEPKDGEIAGFEMEEARYDACVNACLEHHPNVRECEEACKNPVPP
POTASSIUM,MSNLSIFVIMLLFSSLLNFSECQVHTKIMCSVSRECYEPCHGVTGRAHGKCMNKKCTCYW
POTASSIUM,AACYSSDCRVKCVAMGFSSGKCINSKCKCYK
POTASSIUM,MKVFSAVLIILFVCSMIIGINAVRIPVSCKHSGQCLKPCKDAGMRFGKCMNGKCDCTPK
POTASSIUM,DEEPKETCSDEMCVIYCKGEEYSTGVCDGPQKCKCSD
POTASSIUM,AFCNLRRCELSCRSLGLLGKCIGEECKCVPH
POTASSIUM,MQRNLVVLLFLGMVALSSCGLREKHVQKLVKYAVPAGTLRTVLQTVVHKFGKTQFGCPAYQGYCDDHCQDIKKEEGYCHGSKCKCGIPMGF
POTASSIUM,ITLCCLFHLFANAQSNCFLPPDIGKGFALLTRYYYNKESKTCETFIYGGAGGNENNFLNKESCCKTCYAKNC
POTASSIUM,QLVIKMNTFVIVFLLLTAVLCHAEHALDETARGCNHLNKKCNSDGDCCRYGERCISTGVNYYCRPDFGP
POTASSIUM,MKISFLLLALVICSIGWSEAQFTDVKCTASKQCWPVCKQMFGKPNGKCMNGKCRCYS
POTASSIUM,FYSPTILGIIALASCKGWISEKKIQKAINNRMSEGILKDAAKALVHKLGKSTHWCIANVDTRGKCSEYCEEAESKEGICHGTKCKCGEPLKY
POTASSIUM,MKLLPVVFILLLAFVLLPTEISCEHDAMENNRENYEEVSRDIVKRSCKRVCSGSRRSKQCMQKCKPTPGR
POTASSIUM,MNNKLTALIFLGLLAIASCKWLNEKSIQNKIDEKIGKNFLGGMAKAVVHKLAKNEFMCVANVDMTKSCDTHCQKASGEKGYCHGTKCKCGVPLSY
POTASSIUM,MKSAVIVAITLCCLFNLYANARKNCSLPVDTGKGKGWFLRYYYDKNSKTCETFIYGGAGGNENNFLNKEGCCKICNAKNC
POTASSIUM,GVIINVKCKISRQCLEPCKKAGMRFGKCMNGKCHCTPK
POTASSIUM,MKLLPLLFVILIVCAILPDEASCDQSELERKEENFKDESREIVKRSCKKECSGSRRTKKCMQKCNREHGHGR
POTASSIUM,MKILSVLLLALIICSIVGWSEAQFTDVSCTTSKECWSVCQRLHNTSIGKCMNKKCRCYS
POTASSIUM,MQIKLTVLLLLGCVTIIAAGILKEKHFQKAIDEFVPMIPVPPSVSGALQKAAKQMVHKIAKLDSSCILGHDRGGKCNKGCQETVQQIGYCHGTKCKCGVPLGYR*
POTASSIUM,MEIKLTILILLVITSFCSCGILREKYAHKAIDVLTPMIGVPVVSNIVNNAAKQLVHKIAKNQQLCMFNKDVAGWCEKSCQESVHQKGYCHGTKCKCGIPLNYK
POTASSIUM,NMKVILAGLTALLLLFNLSSTAEDVNCSLPPDSGLCLALFRRYYYDSSEGKCKLFTYGGCGGNSNNFESNEECCRVCGDGNCKK
POTASSIUM,MHFSGVAFILISMVLIGSIFETTVEAGEGPKSDCKPDLCEAACKDLGKPMDFCKDGTCKCKD
POTASSIUM,VSCTGSKDCYAPCRKQTGCPNAKCINKSCKCYGC
POTASSIUM,FVKYAVPESTLRTVLQTVVHKVGKTQFGCPAYQGYCDDHCQDIEKKEGFCHGFKCECGIPMGF
POTASSIUM,MKMSFVIILLLFSCLIATSGVSGTSCSSFSDCANPCLSKGCKSGKCINNRCKCYFC
POTASSIUM,MKISALVMITLLICSMMILCQGQKILSNRCNNSSECIPHCIRIFGTRAAKCINRKCYCYP
POTASSIUM,IRCTGSKECYSPCYKATGCPNAKC
POTASSIUM,FSFTCLYKVLPRLYVFTENMNVVPISLLLLSFLHSHLASEEVDCRSPASSGLCLAYFERYFYHPKLGKCQKFVYGGCGGNRNNYESEAECCKTCGDDRCLKK
POTASSIUM,MMSRLSVFILIALVLSVIIDVLNNSKVEGACVENCRKYCQDKGARNGKCINSNCHCYY
POTASSIUM,MKLLTIVFALVLVFALLPMEVSCEPNAIENSRENEDISRNIVKRSCKRVCSGSRRSKQCMQKCKPTPGR
POTASSIUM,MNCKLTALLFLGLIAIASCGWINEKKMQQKIDEKIGKNIIGGMAKAVVHKLAKNEFQCVANVDTLGNCKKHCAKTTGEKGYCH
POTASSIUM,MKVLYCILIIFIFCSMLDMSQEVIIRKSCSTSSICWSACKKAVGTNRGKCMNRTCNCYT
POTASSIUM,MQLKIKILCLFLMVAGVSCIVREKAVHKIVDTFVPPGWWSKPLHAVIHKIAKLQYGCPVVDRFCEYHCQDLESHPGYCHGTKCKCNIPSTY
POTASSIUM,MSTFVIVFLLLTAVLCHAEPALDETARGCNRLNKKCNSDGDCCRYGERCISTGVNYYCKPDFGP
POTASSIUM,MNSLPIFIIMLLCFSMFMSSDSQKSTEIKCSSSSSCYIPCRKVTGRAHGKCMNGKCTCYY
POTASSIUM,LNSCSMKFVVTSLVIFLIFNSFGSSKGSKCSLPPEGGPCFANFQRFYYNPVTGKCEIFTYGGCRGNGNNFQSKVDCCRTCGDKNCLK
POTASSIUM,MMNVIIVISIILAVLCTISNAEEVDCTLPPETGRCKASMLRYFYNQSAAECQTFIYGGCDGNSNNFKTKSDCCRHCSPGNC
POTASSIUM,MNAKITVVFFLVAVIAIASCAWISEKKIQDAIDKRLPSGMVRNAIKAVVHKAAKNKHGCFADIDVGGGCEQHCRKTEDKEGICHGTKCKCGVPRAYKK
POTASSIUM,MKLILVLLVLWLASASAQIDLHVKCDNVDDCDRPCEVWECLPPSKCINKKCTCYPGVKIKGCTPIRNK
POTASSIUM,GSLLLVLFLLSVICYAEIAAGPTKCQYGRPCDSDRDCCWEYRCLSSGEEYTCKQDPGP
POTASSIUM,FYSPTIKFIIAIVIILYVFCIISDAQEVDCSLPPKTGRCKAHMPRYFYNQSSAECETFIYGGCDGNSNNFESKSDCCIQCSAVNC
POTASSIUM,MSRIFTIILIVFALNIIISLSNFKIEAAACYSSDCRVKCVAMGFSSGKCINSKCKCYK
POTASSIUM,TIINVKCTSPKQCLPPCKEIYGRHAGAKCMNGKCHCSKI
POTASSIUM,MNSKAAFLFLLLTVMMLANEVAAQIHTKIPCRYSNQCHDPCRKITGFFSSKCMNGFCTCYR
POTASSIUM,MNAKITVLFFLVAITVASCGWISEKKVQDAIDKRLPNGMMKNAIKAVVHKVSKNSHGCVADFDVGGGCESYCKKTEDKEGVCHGTKCKCGTPRAYK
POTASSIUM,PTIFEFSRYKMTSTVSLVSILIFGLNPQVWAKVVISETSLCALKPDEGYCRGFFQQYYYNKTTGSCLTFIYGGCGGNKNRFETEEDCIKECK
POTASSIUM,MNAKLAAVFLFVGLVAVVSCGWINEAKIQKKIDEKMPEGFLRGAVKAVVHKIAKNEFGCVANVDVAGQCKNHCSKQDQEGHCHGTKCKCGVPLSY
POTASSIUM,MSNLPVFVIMLLLCSMFYSSDCQKFTQIKCAGTKECIEPCKGITGKPRAKCMNRKCTCYM
POTASSIUM,MKLLPLMFILLLAFALLPTEISCEHNAIEGSRENNEVSRNIIKRSCKRVCSGNKRSKKCMQKCKPTPGR
POTASSIUM,IKCTLSKDCYSPCKKETGCPRAKCINRNCKCYGCS
POTASSIUM,MKLTILILLVITSFCSCGILREKYAHKAIDVLTPMIGVPVVSKIVNNAAKQLVHKIAKNQQLCMFNKDVAGWCEKSCQQSAHQKGYCHGTKCKCGIPLNYK
POTASSIUM,MKILSVLLLALIICSIVGWSEAQFTNVSCTTSKECWSVCQRLHNTSRGKCMNKKCRCYS
POTASSIUM,MNTKLILMMLMITSVILVFEAETVIGTGTPCKNPKQCAGPCKAKGCKHGKCMNGKCRCMLCSK
POTASSIUM,KMIFAGCILLILAFNALLVTEAGHHKKHKVNCLLPPKAGPCKGSFARYYFDIESGSCKAFIYGGCEPNSNNFAKRHHCEKRCRRFSVLGVRKSY
POTASSIUM,TGTSCISPKQCTEPCRAKGCKHGKCMNRKCHCMLCL
POTASSIUM,AIFLTLFLCNVECYVENECCSLEKVVGPCKASMPKYFYNENTDECQTFIYGGCGGNCNRFDNLEECCKACGGIGPPITDTSQQ
POTASSIUM,MNCKYTVLIFLAIIAVVSCKAWISEKKIQKAINKRMPEGFLRDATKAFVHKMAKTRRGCMFNIATTDECNDYCAEAEGKEGVCHGTKCKCGAPLPY
POTASSIUM,GTVYVFLLLLAFGIFTDISNACSEQMDDEDSYEVEKRGNACIEVCLQHTGNPAECDKPCDK
POTASSIUM,KKELESRLRIINCIMKLVISSLVILLLFDSFCTSEDVDCSLPPDAGLCLALFPRYYYNPKSGKCESFTYGGCGGNTNNFESKEECCKACGDDRCLN
POTASSIUM,MAKSFFAAFLIIMLISSLVDGKSTVGQKLKKKLNQAVDKVKEVLNKSEYMCPVVSSFCKQHCARLGKSGQCDLLECICS
POTASSIUM,MRLAIILLLMTTVVLAIGSPFSGVKCSSSNQCTRPCRYGGGTHGKCMNGRCRCYG
POTASSIUM,TGPQTTCQASTCEAGCKQIGKSMKSCQGDTCECA
POTASSIUM,MQTQCTVLQLLVLVALCSCGGIPKEKYLQKGADFLASYIPVPVVKDVVKSAAKQLIHKIAKNQQLCMFYDTVQWCNKTCLAAEKKEGFCHGTKCKCGIKVSY
POTASSIUM,MKMFFTVLVTVFVCSMIIGICEGREIPVKCKGSKQCLQSCKEAGMTYGKCMNGKCNCTPKG
POTASSIUM,MKLYIFFFLALIALTSTFVEAGRGQEFISGVKNMFSSAKNKLKEGAETLQNVSELGCPFIEKWCEDHCTSKKSLGKCENFECACMKMPESEKEKSEKGKSKKSRGRKGK
POTASSIUM,MKYLLLLCFVALAYGANPICQLKPEPGLCEAYFPRYYYDSDLGECSTFIYGGCGGNGNRFRTKEECEKACSGEGSRIF
POTASSIUM,MKAFYGILIIVLFCSMFNLSEEVFIDKKCFSSSECWPECKKAVGTYQGKCMNGGCKCYP
POTASSIUM,NFIGMKFILVILTVLCFLFNSFSDAKKECSSKPDGGQGRNFFMRYYYNPETKTCESFIYGGAGGNGNNFLNKENCCKFCKKRTC
POTASSIUM,MKILSIVLIALIICSISICTEAFGLIDVKCSASRECWVACKKATGSGQGKCQNNQCRCY
POTASSIUM,MKVRVVCTVILVLFCICSEAKDIDCNLPSKTGLCYANFRRYYHNSKTRLCEKFTYGGCMGNSNNFHSLEECCSNCPAINC
POTASSIUM,MVKSVIVVAFLAMILMSLADAKSAFVEKAKGAFTKVGKKIKEIAGKSEYMCPLVSSFCEQHCARLKKSGDCDLLKCKCT
POTASSIUM,MKSAVIVAITLCCLFNLYANGQKNCSLPADTGKGKGMFLRYYYNKNSKTCETFIYGGVGGNKNNFLNKENCCKICNAKNC
POTASSIUM,MKVFFAILITLFVCSMIVGIHGGVEINVKCTGSPQCLKPCKDAGMRFGKCINRKCHCTPK
POTASSIUM,MNAKLTALLFLALVVTASCGWINEKKVQDYLDKKLPNGIVKGAIKAVVHKVAKTEYGCAFNVGVAPSQCNDHCKSLGKKKGVCHGTKCKCDVELSYK
POTASSIUM,FLVLLLVSLMCYAEIAEGSQPTECKYGRPCNSDRDCCWEYRCLSSGREYTCKQDPGP
POTASSIUM,MEIKLTILILLVITSFCSCGILREKYAHKAIDVLTPMIGVPVVSKIVNNAAKQLVHKIAKNQQLCMFNKDVAGWCEKSCQQSAHQKGYCHGTKCKC
POTASSIUM,MHNYYKIVLIMVAFFAVIITFSNIQVEGAVCNLKRCQLSCRSLGLLGKCIGDKCECVKHGK
POTASSIUM,MNNKLTALIFLGLLAIASCKWLNEKSIQNKIDEKIGKNFLGGMAKAVVHKLAKNEFMCVANIDMTKSCDTHCQKASGEKGYCHGTKCKCGVPLSY
POTASSIUM,MQRNLVVLLFLGMVALSSCGFREKHFQRFVKYAVPESTLRTVLQTVVHKVGKTQFGCSAYQGYCDDHCQDIEKKEGFCHGFKCKCGIPMGF
POTASSIUM,LNVIRRHGYSSELLNERFKMKSAVIVAITLCCLLNLSANAQKNCFLPVDTGRGKGWFLRYYYNKNSKTCESFIYGGAGGNKNNFLNKENCCKICNADNC
POTASSIUM,GVEINVKCTGSHQCIKPCKDAGMRFGKCINRKCHCTPK
POTASSIUM,MKFTLTSLVAFLLFNSFCSSQDVDCSLPADSGSCLTFFKRFYYNTKVGKCESFPYSGCGGNSNNFRNRFDCCEACNDDSCLI
POTASSIUM,SPTIKMYKIVVISLLLTAVFGSDTIPVCEQEPETGLCKAYFPRYYYNSYSEQCERFVYGGCGGNENNFRTLEECLRACGGYKRTQVTTPDE
POTASSIUM,TIINVKCTSPKQCLPPCKAQFGQSAGAKCMNGKCKCYPH
POTASSIUM,MQIKFTVFLLLVISTFCSCGLIREKYFHQGVDALTPLIPVPVVGGIVNKVAKQMIHKIGKIQSLCAFNKDMAGLCEKKCQETEKKKGFCHGTKCKCGKPLSYK
POTASSIUM,MAKHLLAAFLVIMLISSLADGKTTVGQKVKNAAKKVYNKVKELVGQSEYGCPLVSSFCEQFCERKAQKGNCDGFECLCA
POTASSIUM,MKAFYGIMIILLCCSMFNLNFSQLQTTFIDVACTVSKECWEPCKKVFGVDRGKCMGKKCKCYP
POTASSIUM,QRQCQNVQNCYKYCMSPKKCEYGTCYCEPSP
POTASSIUM,TVINVKCTSPKQCLKPCKDLYGPHAGAKCMNGKCKCYNN
POTASSIUM,MKAFYGILIIFILISMLDLSQQVFINAKCRGSPQCLPKCKEAIGKAAGKCMNGKCKCYP
POTASSIUM,AACYSSDCRVKCRAMGFSSGKCIDSKCKCYK
POTASSIUM,MQAKLTIVFLLLGMVVLSNCGLREKHVQGLVNKVVPDGLVKKLLQSGIHKIAKSQYGCPIINDYCSWHCKDLEDHEGHCHGTKCKCNIPNKYPLY
POTASSIUM,MKLLPVVFILLLVFALLPTEISCEHDAAESSRGNNEEVSRNIVKRSCKRVCSGSNRTKKCMQKCKPTPG
POTASSIUM,VDALTPLIPVPVVGGIVNKVAKQMIHKIGKIQSLCAFNKDMAGLCEKKCQETEKLKGYCHG
POTASSIUM,MKNRLLNFICEEQRVIKMSTFFIVFLLLTAILCHAEALEETTRGCNRLNKKCDSDADCCTYGERCISTGVNYYCKPDFGP
POTASSIUM,MTKLFIVLLVSTVIAMTIVPQVDASVGRCTASKQCTAHCRMRGESHGECENRRCKCY
POTASSIUM,RSSTMKLLPVVFIFLLIFVLLPIEVSCERNARENYEVSRSRFKRSCKRVCSGSRRSKKCMQKCKPTPGR
POTASSIUM,LLFQSFSSSEGQQCNVPYDSGLCYAYIPRYYYNTDTGKCLRFIYGGCRGNLNNFRTEEECCRTCGDSRC
POTASSIUM,MNAKITVLFFLVAITIASCAWISEKKIQDAIDKMLPSGAVRSAIKAVVHKAAKNKHGCLADFDVGGGCEQHCRKTEDKEGVCHGTKCKCGIPRAYRK
POTASSIUM,HLLILFNVTLLFELLSAKMYNYYKIVLIMLAFFAVTTIFSNIKVEGAFCNLRRCQLSCRSLGLLGICVGDKCECVQHGK
POTASSIUM,TVCNLRRCQLSCRSLGLLGKCIGVKCECVKH
POTASSIUM,SERFKMKYAVIVAITLCCFFNSHVNARNNCSLPPETGIGKALITRYYYNWYSSTCDTFIYGGIGGNENNFLNKESCCETCIASKNFILNHIFHLSFIYK
POTASSIUM,GSLLLVLFLLSVICYAEIAAGPTKCQYGRPCDSDRDCCWEYRCLSSGEEYTCKQDPGP
POTASSIUM,MMKQQFFLFLAVIVMISSVIEAEKGKEFMANIKEKLNEVKEKVKSSWNKLTSMSEYACPVIEKWCEDHCEAKKAIGKCDDTKCKCLKLPK
POTASSIUM,MNIIAVLSIILSLLCITSDAQEVDCTLPSDTGRCKAYFIRYFYNQKAGECQTFIYGGCDGNSNNFLTKSDCCKHCSPGKC
POTASSIUM,TIKMKVYFAALLLMAMVTFSSCISLPEKLAHKGVEYATSSIPIPIVKDVAKSIAKQMVHKIAKVQKLCAFNQDVAGWCEKSCQAEEGKKGYCHGTKCKCGKPISYRK
POTASSIUM,MVATNRCCVFALLFALLLVHSLTEAGKGKEILGKIKEKIIEAKDKMKAGWERLTSQSEYACPAIDKFCEDHCAAKKAVGKCDDFKCNCIKL
POTASSIUM,MKTSGTVYVFLLLLAFGIFTDISSACSEQMDDEDSYEVEKRGNACIEVCLQHTGNPAECDKACDK
POTASSIUM,MKTSAIVIIAFLICSMLILCESQIHTEVPCKYSGQCVQLCIILVNNKNAKCSNDTCTCYR
POTASSIUM,ISSVIEAGKGKEFMANIKEKLNEVKEKVKNSWNKLTSMSEYACPVIEKWCEDHCEAKKAIGKCDDTKCKCLKLPK
POTASSIUM,MNTKLTVLCFLGIVTIVSCGWMSEKKVQGILDKKLPEGIIRNAAKAIVHKMAKNQFGCFANVDVKGDCKRHCKAEDKEGICHGTKCKCGVPISYL
POTASSIUM,MQRNLVVLLFLGMVALSSCGLREKHVQKLVKYAVPVGTLRTILQTVVHKVGKTQFGCPAYQGYCDDHCQDIKKEEGFCHGFKCKCGIPMGF
POTASSIUM,MKVFFAVLITLFICSMIIGIHGVGINVKCKHSGQCLKPCKDAGMRFGKCINGKCDCTPKG
POTASSIUM,RSMNTKLISLIVLLLCICSEAHAVDCNLPAETGPCKAAGRLYFHNSKTGKCEIFTYGGCGGNSNRFDTLEECCSHCPAKNC
POTASSIUM,MNSKSIAIIFLAIITIASCGKIGWISEKKIQNAIDNRLPDGIVKNIAKAVVHKLSKESHGCVANQDMGGTCSDHCEKENKKGICHGMKCKCDVPLSY
POTASSIUM,MMKQQFFLFLAVIVMISSVIEAGRGKEIMKNIKEKLTEVKDKMKHSWNKLTSMSEYACPVIEKWCEDHCAAKKAIGKCEDTECKCLKLRK
POTASSIUM,MNAKFAYVLLLLTVMTLVYDAAGQISINHRCGGSSECRKPCARATGYYSSKCINGSCVCYGSG
POTASSIUM,MKAFYGILIIFILISMIHLSQQVFINATCTLTSQCRPKCLEAIGRPNSKCINRKCKCYP
POTASSIUM,VGCEEDPMHCKGKQAKPTCCNGVCNCNV
POTASSIUM,MNSKLTALIFLGLVAIASCGWINEEKIQKKIDEKIGNNILGGMAKAVVHKLAKGEFQCVANIDTMGNCETHCQKTSGEKGFCHGTKCKCGKPLSY
POTASSIUM,MQRNLVVLLFLGMVALSSCGLREKHFQKLVKYAVPEGTLRTIIQTAVHKLGKTQFGCPAYQGYCDDHCQDIKKQEGFCHGFKCKCGIPMGF
POTASSIUM,QFTDVDCSVSKECWSVCKDLFGVDRGKCMGKKCRCYQ
POTASSIUM,MKILSVLLLALIICSIIDWSEGQFTQESCTASNQCWSICKRLHNTNRGKCMNKKCRCYS
POTASSIUM,MNNKLKILFFLGVITIVSCAMFNEKKIQAKIDEKLPGFMQGPAKAVVHKFAKMQYACVANMDTMGNCEQFCQATEEKKGYCHG
POTASSIUM,WCSTCLDLECGASRECYDPCFKAFGRAHGKCMNNKCRCYT
POTASSIUM,KSVVVLALALCFFFDSYASEMSDCWLPPDSGVGFAYLQRYYFNHESGKCENFTYGGMGGNKNNFESKDACCMTCGMGKC
POTASSIUM,MNTKLFSIIMLFLCSYSDAQEKRCYLPAKTGPCRALFRRYFYNRSSGNCEIFIYGGCRGNSNRFGTLQECCNFCSAKNCYFK
POTASSIUM,MKIFFAILLILAVCSMAIWTVNGTPFAIKCATDADCSRKCPGNPPCRNGFCACT
POTASSIUM,MISSVIEAGRGKQFMTNVKEKLTQVKNKMKNSWDRLTSMSEYACPVIEKWCEDHCEAKKAIGKCEDTECKCLTVPE
POTASSIUM,ECEEACSDPEEYAETACEQQPDSGTCRGYFPRYYYNKNTGKCEKFIYGGCDGNDNNFDTEENCLTTCGQREYAE
POTASSIUM,MKLVVTSLVIILLLDSFCNSKDVDCSLPPDSGLCLAFFIRYYYNPKTGKCEGFTYGGCGGNSNSFKSKQECCESCGDDRCLK
POTASSIUM,MLLVITFMMAFDEINADGKKCLVSSECHDYCWKGNKCSRGKCINKRCKCYNCRG
POTASSIUM,IRCSGSRDCYSPCMKQTGCPNAKCINKSCKCYGC
POTASSIUM,VFIDVSCSVSKECWAPCKAAVGTDRGKCMGKKCRCYX
POTASSIUM,MQFSGVVLILISMTLVNFVFFETKVEAGKFGKCKPNICAKTCQTEKGKGMGYCNKTECVCSEW
SODIUM,MNSLLMITACLVLFGTVWSEKGYLVHEDTGCRYKCTFSGENSYCDKECKSQGGDSGICQSKACYCQGLPEDTKTWPLIGKLCGRK
SODIUM,MNYLVMISLALLLMTGVESGRDAYIADDKNCAYTCALNSYCNTECTKNGAESGYCQWAGRYGNACWCINLPDKVPIRIPGACRGR
SODIUM,MKLFLLLVISASMLIEVYSEHGYIRKFDDGCKLSCNILLPGENDSCKFQCKIRGGSWGYCWGWGAACWCEDLPPNRIWRSETNKCGGK
SODIUM,MKTLVLALCLMLIGLVYAKDGYLVSDHDGCKLGCAPIIGDRFCSMECKSANHKGDEGYCYLLGCYCKGMPADAKVYPLPNKSCGK
SODIUM,MKRCTAFLLCIVAVIYEFGDVHGKDGYPLTTEGLKFSCAAGMLVGDNRFCQSICKSRGSSYGYCYAFGCYCEGLNNDVKVWGE
SODIUM,VRDAYIAQNYNCVYDCARDAYCNDLCTKNGAKSGYCEWFGPHGDACWCIDLPNNVPIKVEGKCHRK
SODIUM,MKLLLLLTISASMLIEGLVNADGYIRGGDGCKVSCVINHVFCDNECKAAGGSYGYCWGWGLACWCEGLPADREWDYETNTCGGKK
SODIUM,MKIAILVLMLIYLAEVNCKRDGYIMIKDTNCKFACNIFKKWEYCSPLCQSKGAKTGYCYNFGCWCLDLPDDVPVYGDRGVICRTR
SODIUM,FYSPTIILPAYPENSTKRLKMNYLIMFSLALLLVIGVESGRDGYIVDSKNCVYHCYPPCDGLCKKNGAKSGSCGFLVPSGLACWCNDLPENVPIKDPSDDCHKR
SODIUM,VRDGYIAKPENCAHHCFPGSSGCDTLCKENGGTGGHCGFKVGHGTACWCNALPDKVGIIVDGVKCH
SODIUM,MQLKIQLLMLVLMIVLTGVHGKDGYVVHKDTNCKYSCSIFNKWKYCSPLCQKKGAKTGYCNSFACWCVNLPEETIVYGDKGTYCWE
SODIUM,KDGYLVDAKGCKKNCYKLGKNDYCNRECRMKHRGGSYGYCYGFGCYCEGLSDSTPTWPLPNKTC
SODIUM,IGMAVECKDGYLVGADGCKYGCFTRPGHFCASECSLLKGKDGYCYAWLACYCYNLPDSVPVWDSATNRCGKGK
SODIUM,KKEGYLVGNDGCKYSCFTRPAQYCVHECELRKGTDGYCYAWLACYCYNMPDHVRTWSRATNRCGS
SODIUM,MNNCTCFILCLVALIYEFGNAQGKDGYPLNDMGNTIFCVMVQSGNEKCEKNCKERGGHGYCYALRCYCKGMKNNVKIWE
SODIUM,MNYLVMTSLALLVMTGVESLRDGYIVDDKNCTFFCGRNAYCNDECKKKGGESGYCQWASPYGNACWCYKLPDRVSIKEKGRCNGR
SODIUM,MNSVFAVALTILLIGIERSESRDGYPLASNGCKFGCKGLGDNNPTCNVVCKDHAGSDYGYCYAWTCYCTNVAEGTVLWGDPGTGPCKVY
SODIUM,IGVVVESKEGYLMDREGCKLSCFIRPSGYCGRECEIKKGSSGYCRWLACYCYGLPDRVKVWSYATNTCGKK
SODIUM,KEGYLVNSYTGCKYECLKLGDNDYCLRECRQQYGKSGGYCYAFACWCTHLYEQAVVWPLPNKTCN
SODIUM,KEGYLVKSDGCKYDCFWLGKNEHCDTECKAKNQGGSYGYCYAFACWCEGLPESTPTYPLPNKSC
SODIUM,MNYSTVFIFCLIAIVFEFAEVECKKDGYPLTKEGMKFSCLAGMLVGDNRYCKSICKGYGSNSGYCYAFGCYCKGLDDYVKVWKG
SODIUM,MNYLVIISLALLLMTGVESVRDAYIAKNYNCVYHCARDSYCNELCTKNGASSGTCPYLGTHKFACFCKDLPDNVPIRVPGRCHRR
SODIUM,MKLLLLLIISASLLIGLAKSDDPLKDMNGCKVPCLMTVDFCDVTCKINGGSSGYRKFSEISCWCKGLPDNKIWKNGKNCYSFM
SODIUM,KEGYPVGRDGCKISCVINNNFCKVECQAKWRQSDGYCYFWGLSCYCTNLPEDAQVWDSSTNKCGG
SODIUM,MKSFIVILLAITQIEVQSKDGYAIYKNSNCKYACSVANKWEYCSPLCQKMDATTGYCYMFACWCEGLPDSTPVYGDKGFYCWRRK
SODIUM,MKIILILFSMILLGVDCKEGYGVGKDGCKISCVIGNEFCNKECKYSQKGTGGYCWTWGLACWCEGLPEDAKVWESSTNTCGRK
SODIUM,MGTIIHMAILISLLLLGEREAKDDYPRNFEGNCYRCKYLEIGYCDAICKMHKAETGYCSRSNLFCYCTGIEDEYVSARNFLYQQNLKINNEELKDFDGNTL
SODIUM,MNSLLMITTCLILIGTVLAEDGYLFDKRKRCTLECIDKTGDKNCDRNCKNEGGSFGKCSYFACWCKGLPGITPISRTPGKTCKI
SODIUM,HSLPITVFIVIRIDFIMKTIIFLIVASFVLIGVKTDNGYLLDKYTGCKIWCVINNESCNGECKRRGGYYGYCYFWKLACYCQGARKSELWQYKTNKCNGKL
SODIUM,LGLIADQVFCLFSRKFYKRLKMNYLVMISFALLLVIGVESVRDGYFVEPDNCLVYCMPSSEMCDRGCKHNGATSGSCKELRKGENVCWCKGLPDNAPIYDESKQCTRR
SODIUM,MNYLVMISLALLFVTGVESVKDGYIVDDVNCTYFCGRNAYCNEECTKLKGESGYCQWASPYGNACYCYKLPDHVRTKGPGRCHGR
SODIUM,KKDGYPVEGDNCAFVCFGYDNAYCDKLCKDKKADSGYCYWVHILCYCYGLPDKEPTKTNGRCKPGKK
SODIUM,MNYLVFFSLALLLMTGVGSVRDGYIADDKNCPYFCGRNAYCDDECKKNGAESGYCQWAGVYGNACWCYKLPDKVPIRVPGKCNGG
SODIUM,MKCLLLIAFTCLLALGVECKKEGYIVDAGNCMYECAKDDYCLGECVKRKAESGYCYWGKFSCYCYGLPDNEPTKKPGKCNPNLAGRK
SODIUM,MNYLVKISLALLVMAGVESVKDGYIVDDRNCTYFCGRNAYCNEECTKLKGESGYCQWASPYGNACYCYKVPDHVRTKGPGRCNGR
SODIUM,KKDGYPVNMEECRYNCWKNAYCDKLCKEKKGQSGYCYGWNLSCWCIGLPDNTNTKMNPFCQTAD
SODIUM,MNHLVMISLALLFMSGVESVRDGYIAQPENCVYHCIPGSSGCDTLCKEKGGTSGHCGFKAGHGLACWCNALPDKVGIIVE
SODIUM,MNHLVIISLALLFMTDVESARDGYIAQPHNCVYHCMPGSSGCDTLCKENGATSGKCSFLLESGVACWCVALPDNVPIKIEGQKCTR
SODIUM,MNYLVMISLALLFMIGVESARDGYIAQPNNCVYHCIPLSPGCDKLCRENGATSGKCSFLAGSGLACWCVALPDNVPIKIIGQKCTR
SODIUM,CVRPILIMKKFILFISCLLVIDVVVESKDGYPVDKSGCKISCVKNSKFCYDFCKSMKANYGYCYTGGLACYCEGLPSNAKVFDEANNTCNNKK
SODIUM,MKGMILFISCILLIGIVVECKEGYLMDHEGCKLSCFIRPSGYCGRECAIKKGSSGYCAWPACYCYGLPNWVKVWERATNRCGKK
SODIUM,GRDAYIADSENCTYTCALNPYCNDLCTKNGAKSGYCQWAGRYGNACWCIDLPDKVPIRISGSCR
SODIUM,MKTLLLIALAVLFIEEVRSKDGYLMETTGRDKGCKIWCVINNESCNTSCTMLKGKKGYCYFWKLACYCEGLPENVQVWTYEKNTCKAK
SODIUM,MNPLFLVALTCLLALGVESKKDGYPVDAGNCKYECLRDSYCAELCAKRKADSGECYLRTFSCYCKGLPDNEPIKQSGKCNGALGGRKAPSE
SODIUM,MNSLLMITACLVLFGTVWAKEGYLVNTYTGCKYICWKLGENKYCIDECKEIGAGYGYCYGFGCYCEGFPENKPTWPLPNKTCGRK
SODIUM,MKFCTFSTLFLVVFLFEFHDVEGDKDGYPVDRYGQVSNCVVGMLGDNTFCESVCKSSGGHGYCYAFACWCNGLNDDVKIWKKG
SODIUM,GRDAYIAQPENCVYECAKNSYCNDLCTKNGAKSGYCQWLGRWGNACYCIDLPDKVPIRIEGKCHF
SODIUM,MNYLVMISLAVLLMTGVESARDAYIAQPHNCVYHCGTHQYCNDLCKKNGATKGECSYNISYGYGCWCENLPDSVPIRIRGKCRRA
SODIUM,ARDGYIAKPHNCVYECFGAFSSYCNGVCTKNGAKSGYCQILGTYGNGCWCIALPDNVPIRIPGKCHR
SODIUM,MKFILVILVIFPIMGVLGKKNGYVLESNGKVNECVVSNNYCNRICKEIHYADKGYCCMLSCYCFGLDDDKPVLDIWDSTKKYCDYQIID
SODIUM,MNFSTVFIFCLLAVIFEFADVECKKDGYPLTVKGMKFSCVAGMLGDNRFCETICKRFGSNYGYCYFFGCYCEGLNDGVKIWSG
SODIUM,VRDGYIADDKNCAYFCGRNAYCDEECIINGAESGYCQQAGVYGNACWCYKLPDKVPIRVSGECQQ
SODIUM,MKVGLIFTVICISFLLVVRGEPEDIEGGYPRFFSFGYKCQRWGENEYCQDACRLHRGNYGYCYAGDCYCEGMPKENRLFWDVYRKYCKNPRLD
SODIUM,MKLFLLLIISASMLIESFVNADGYLKSHTGCWRRCSISGQCDRYCKEDGGSYGYCFSFGCWCEGLPAKKAWRKGIDC
SODIUM,DGYIRKRDGCKVSCLFGNEGCDKECKAYGGSYGYCWTWGLACWCEGLPDDKTWKSETNTCG
SODIUM,MNYLVMISLALLFMTGVESLKDGYIVNDINCTYFCGRNAYCNELCIKLKGESGYCQWASPYGNSCYCYKLPDHVRTKGPGRCNDR
SODIUM,MNYLVMISLALLLTSGVESVRDAYIAQNYNCVYFCLKDDYCNDLCTKNGASSGYCQWAGKYGNACWCYALPDNVPIRIPGKCHSR
SODIUM,MKLLLLLTISASMLIEGLANSDGYLKKKDGCRTECVTGNDFCDKACKSAGGSFGYCDTWTLSCWCKDLPDNKIWTKEKNICAGKK
SODIUM,NVFSVIQTSDHLYKMNYLLVLTIASMLALGANGKKDGYPVDHANCKYECWYNNVYCNDLCKKLKADSGYCWGWNLSCYCQGLPDNAAIKDYGRCRG
SODIUM,MKLFLLTIISASMLIESLADGPGYLKKRDGCKSECLVGNNFCNNECRAISGSYGYCWSWGLACWCENLPDDRIWKSETNTCGGKK
SODIUM,LFLLISLSLLTAVYSKNGYLMDDNGCKILCSVGTSFCDEACKAKNAKYGYCYSHHVALGCWCEGFPEDAAVWTPETNTCNGK
SODIUM,SVRDGYIPQPENCVYNCCTLSSGCNTLCKEKGAKRGQCGYKLSFGPACWCEGLPDKVGIKIEGKKCTRR
SODIUM,IGVAVECKDGYLMGSDGCKLDCLMKKGTYCADECSRVKGKDGYCYLWLACYCYNMPDSVKVWERATNRCGKGK
SODIUM,MFKLAIILALLFFGARAGAVRDGYPILSDGCKYTCKPLGENQNCSRICKEKAGSWYGYCYMWACYCTDVSKKAVLFGDSGTPECHVWIK
SODIUM,ARDGYIVHDGTNCKYSCEFGSEYKYCGPLCEKKKAKTGYCYLFACWCIEVPDEVRVWGEDGFMCWS
SODIUM,FQENSVKLIKMNYLIVISLALLLMTGVESGVRDAYIADDKNCVYTCASNSYCNTECTKNGAESGYCQWLGQYGNGCWCIKLPDRVPIRVPGKCRGR
SODIUM,MKILIFIIASFMLIGVECKEGYPMGSDGCKMSCVINDKFCKTECQAKWKGSDGYCYSWGLSCYCTNLPEDAVVWDSD
SODIUM,MKGMIMLISCLMLIDVVVESKNGYIIEPKGCKYSCSWGSSTWCNRECKFKKGSSGYCAWPACWCYGLPDNVKIFDYYNNKCGK
SODIUM,NMNSISTIIALTILLVGIERGETRDGYPIAKNGCKYYCDTLGENNPTCNRICKNKAGSDYGYCYAWTCYCTNVAEGTILWGDPGTGPCMP
SODIUM,MNSLLMITACLALIGTVWAKEGYLVNHSTGCKYECFKLGDNDYCLRECRQQYGKGAGGYCYAFGCWCTHLYEQAVVWPLPKKTCNGK
SODIUM,MKILIFIIASFMLIGVWCKEGYIMGSDGCKMSCVINDKFCKTECQAKWKGSDGYCYSWGLSCYCTNLPEDAVVWDPDNNKCGG
SODIUM,MNDFVFLVVACLLTAGTEGKKDGYPVEGDNCAFVCFGYDNAYCDKLCKDKKADSGYCYWVHILCYCYGLPDKEPTKTNGRCKPGKK
SODIUM,MKCFAFLTVCLAVVLFEFTEVEGKDGYPLDANGNVFRCVPGKLEVCKSACSERGSDQVSCLAFTCWCDGMNDDAKTWKHS
SODIUM,KEGYLVNSTGCKYNCLILGENKNCDMECKAKNQGGSYGYCYKLACWCEGLPESTPTYPIPGKTC
SODIUM,MKLLLLLVISASMLLECLVNADGYIRKKDGCKVSCIIGNEGCRKECVAHGGSFGYCWTWGLACWCENLPDAVTWKSSTNTCGRKK
SODIUM,MNHLILIVAMCLMVIGVQCLKDGYLYDDVDCKFSCWDNEYCRKLCKSKKAVGGYCWRWRFSCYCTGLPDNEKTEGTYKCGQGRFLMGKDK
SODIUM,ARDGYIADDKNCAYFCGRNAYCDEECKKKGAESGYCQWAGQYGNACWCYKLPDKVPIKVSGKCNGR
SODIUM,WKFCLKLLPNIKMNYLVLVVIACLLALGVDSDKDGYPDKGGNCRYECVFNSYCDKLCKEKKAKSGYCYWGRFSCYCYGLPDNEPIRRDGRCRPYYKG
SODIUM,MKLSLLLVISASMLIDGLVNADGYIRGSNGCKVSCLWGNDGCNKECRAYGASYGYCWTWGLACWCEGLPDDKTWKSESNTCGGKK
SODIUM,MKLLILIVASLMIMGVQSKDGYPMNHEGCKIPCLVNNRYCEIQCVTFLKAKKGYCYFWRIACYCEGLPEHAPVWDRATNKCRA
SODIUM,RKFKQTEMKMKKIVLLLSVLTIFLIGRRTVLGQGQYPRYLDDRYYGCGILGENEYCVSVCREHTVRYGYCYFFKCYCEGLPD
SODIUM,MKILILIIASLLLIGVECKSGYPMTRDGCKISCVINNTYCDNECKQKKASSGYCYFLGLACYCDGLPEDAEVWESSTNKCGGK
SODIUM,QFVVRLNTNINRTSVFLWINIVIHHQVKKIDFTMKAAFLLVFSSLILTGVLTKKSGYPIQIDGCKFWCVFNHFCETYCKARGGSGYCYTWKLACWCDNVHDWVETWSYETNKCRAK
SODIUM,GVRDAYIADDKNCVYTCAKNSYCNTECTKNGAESGYCQWLGKYGNGCWCIKLPDKVPIRIPGRCRGR
SODIUM,MNYLVMISFALLLVIGVESVRDGYFVEPDNCVIYCMPSSEICDRGCKHNGATSGSCKSFSKGGNVCWCKGLPDNAPIYDESKNCSRR
SODIUM,MKRMILFISCLLLIDIVVGGREGYPADSKGCKITCFLTAAGYCNTECTLKKGSSGYCAWPACYCYGLPDSVKIWTSETNKCGKK
SODIUM,MKLLLLLTISASMLIEGLVNADGYIRGGDGCKVSCVINHVFCDNECKAAGGSYGYCWGWGLACWCEGLPADREWDYETDTCGGKK
SODIUM,KEGYLVSKSTGCKYECLKLGDNDYCLRECKQQYGKSSGGYCYAFACWCTHLYEQAVVWPLPNKTCN
SODIUM,MKTVILVVIALMVIEVQGDGYLMVRAGIEKGCKIWCVINNDYCNRDCKLKGGTYGYCYFWKLACYCEGLPESSPDIWTYEKNTCSP
SODIUM,MKLIFLLIISASMVIEGLANSDGYLKGGDGCKITCMLSNKCDGMCKIYGGSSGSCSGIACWCKNIPEKHIWKPETNTCGGKKMILTVIII
SODIUM,DGYIKRHDGCKVTCLINDNYCDTECKREGGSYGYCYSVGFACWCEGLPDDKAWKSETNTCD
SODIUM,VESGVRDAYIADDKNCIFTCFRNSYCNTECTKNGAEAGYCIWIGKYGNACYCIKLPDKVPIKVPGKCNGR
SODIUM,MKLFLLLLISASMLIDGLVNADGYIRGSNGCKVSCLWGNEGCNKECGAYGASYGYCWTWGLACWCEGLPDDKTWKSESNTCGGKK
SODIUM,LKDGYIVDDRNCTYFCGTNAYCNEECVKLKGESGYCQWVGRYGNACWCYKLPDHVRTVQAGRCRS
SODIUM,MNFFILIASACLVLTGVQCRKDGYLYDSKNCKYACVDNDYCLKECKSKGGYYGYCYRWYSSCYCEGLPDKVKTEKTGRCTL
SODIUM,MIRFVLFISCFFLIGMVVECNKDGYLIEPDGCKMGCLTRKASYCVDQCSEVKGKDGYCYAWLSCYCYNMPDSVKVWDSKNNKCGKGK
SODIUM,MKRCAIFIFCLIAFVFEFPDVQGKKDGYPLDTQRRVINCIAGMFGDNTHCMSTCKSRGSSFGYCYVFACWCEGMDDDAKIWKKG
SODIUM,NYLVMTSLVLLMTGVESARDDYIAQLGNCVYPCILFSPGCDKLCKENGATSGECSYLLGSGFSCWCKDLPDKVPIHDRSYKCYH
SODIUM,MKTLILVVIALMVIEVKSDGYLMVRAGREKGCKIWCVINNEYCDKDCKLKGGNYGYCYFWKLACYCEGLPTSSPDIWTYEKNTCST
SODIUM,MTRFVLFISCFFLIDMIVECKKEGYLVGNDGCKYGCITRPHQYCVHECELRKGTDGYCAYWLACYCYNMPDWVPTWSRATNKCKGK
SODIUM,MNYLAMIILAILLMTGVESVRDGYIIRPHHCGYQCFPACDGLCKKSGGTGGYCSFIINFGIACYCYALPDNVPIKDRAYKCDEPRNL
SODIUM,MNYLVMISLALLFMTGVESKKDGYIVDDKNCTFFCGRNAYCNDECKKKGAESGYCQWASPYGNACYCYKLPDRVSTKKKGGCNGR
SODIUM,MKIILILFSMILLGVECKEGYGVGKDGCKISCVIGNEFCNKECKYSQKGTGGYCWTWGLACWCQGLPENAKVWESSTNTCGRK
SODIUM,MNCSTLFIFCLIAIVFEIVDVECKKDGYPLTKEGLKFSCAAGMLVGDNRFCQTICKRFGSNYGYCYGFGCYCEGLNDDVKIWSG
SODIUM,KKDGYPVEYDNCAYICWNYDNAYCDKLCKDKKADSGYCYWAHITCYCYGLPDSEPTKTNGKCKS
SODIUM,MKLLLLLIIAASLLIEGFVNADGYLTDGRGCWRKCPVEVDCNKLCKQHGGNYGYCYKFACWCEGLPEKEAYKGLGSGCWK
SODIUM,MKAALLLVFFSLILTGVLTKKSGYPIQKDGCKFWCIANHFCERYCKYKGGSGYCYKWKIACWCDDLPDWVPTWSYETNTCGGK
SODIUM,MKTLVLALCLMLIGLAYAKDGYLVIQKTGCKMACTPVSGNSYCNNECTSPNYGGKSGSCYLSACYCEGLPPDTKVYPLPNKPCGK
SODIUM,MKLLLLLTISASMLIEGLVNADGYIRGGDGCKVSCVINHVFCDNECKAAGGSYGYCWAWGLACWCEGLPADREWDYETNTCGGKK
SODIUM,MMKIIIFLIVSSLVLIEVKTEHGYLLDKYTGCKVWCVINNESCNGECKRRGGYYGYCYFWKLACYCQGARKSELWNYKTNKCNGKL
SODIUM,KDGYPMVRAGREKGCKIWCVINNESCDSECKIRKGKKGYCYFWKLACYCEGLPANEQVWTYEKNTCKP
SODIUM,MKILFVIVLAAFFIGVHCKHGYPVQYSGREKGCKIGCVINNASCDGECRRRGGTYGYCYFWKLACYCENLPLKSPTWDYKTGKCRV
SODIUM,MMKTAVLSIVGILLLLNLDIVVLQMYDGYIYDDDGTHYPCRRIIGHKYCEELCKDVGAGEGWCKAFPSGCFCRGLDIRKHGGYPRDKNGDWIWCGLPGGKNKECENVCTEQGAGYGYCYDRYCWCEAP
SODIUM,FHCRKPTFRLLAFPENSIKRLKMNHLVMISLALLLLTGVECVRDAYIAKNYNCVYECFRDSYCNDLCTKNGASSGYCQWAGKYGNACWCYALPDNVPIRVPGKCHRK
SODIUM,DGYILMRNGCKIPCLFGNDGCNKECKAYGGSYGYCWTYGLACACEGQPEDKKHLNYHKKTC
SODIUM,KEGYPVGRDGCKISCVINNNFCKVECQAKWRQSDGYCYFWGLSCYCTNLPDDAQVWDSSTNKCGG
SODIUM,MRTLPLVFMVLLFICASAFGKYNIEEYFGFDSARAKECRKQSQHCPRGFPCCPGLVCIPVRQICHTHIT
SODIUM,MTGVESGRDAYIANDRNCVYTCALNPYCDSECKKNGADSGYCQWFGQFGNACWCKNLPESVPIRIPGKCRGR
SODIUM,EHGYLLDKYTGCKVWCVINNESCNGECNKRRGGYYGYCYFWKLACYCQGARKSELWNYKTNKCKS
SODIUM,MNYFILLVVVCLLTAGTEGKKDGYPVEGDNCAFACFGYDNAYCDKLCKDKKADSGYCYWVHILCYCYGLPDKEPTKTSGRCKPGKK
SODIUM,FIFQNQQLILPAFPDNFIKRFKMKHLVMISLALLFVTGVKSVRNGYIAKPENCVHPCSTDKFCNDLCTKKGANSGKCQWLASYGNSCWCKNLPDNVPIKVKGKCSSC
SODIUM,MNYLVMISFALLLMTGVESVRDAYIAKPHNCVYECARNEYCNDLCTKNGAKSGYCQWVGKYGNGCWCKELPDNVPIRVPGKCHR
SODIUM,DRAVLFVFFDKRTGVNSKKDGYPIDHNKCAETCARTEYCKHFCQDRDADRGECTWKFICYCYGLPNRATIRGDTNLCSNRGK
SODIUM,ARDAYIANDRNCVYTCALNPYCNSECKKNGADSGYCQWFGRFGNACWCKNLPDRVPIRIPGECRGR
SODIUM,ICTPQFILPAFLENSIKRLEMNNLVMISLALLLVTGVKGGVRDAYIADDKNCVYTCASNSYCNTECTKNGAESGYCQWFGKYGNGCWCKKLPDKVPIRIPGKCRGR
SODIUM,KEGYPMGRDGCKISCVINNNFCKVECQAKWRQSDGYCYFWGLSCYCTNLPEDAQVWDSSTNKCGG
SODIUM,MNCCVLIVLSALLIVGVQSKDGYLVGSDGCKISCLINDNYCSTECLALGADKGYCKSLSLACKCEGLPDEVEVWSYDTNTCST
SODIUM,KEGYLVNHSTGCKYECFKLGDNDYCLRECKQQYGKGAGGYCYAFGCWCNHLYEQAVVWPLPKKTCN
SODIUM,MNYLVMINLALLLMIGVESVRDGYIVYPNNCVYHCVPACDGLCKKNGGSSGSCSFLIPSGLACWCKDLPDNVPIKDTSRKCTR
SODIUM,KDGYPVDSKGCKLSCVANNYCDNQCKMKKASGGHCYAMSCYCEGLPENAKVSDSATNIC
SODIUM,MKGIILFISCLMLIDVVVESRDAYPADWRGCKFSCFWGSSSWCNEECTSLGGSSGYCAWPACWCYGLPDSVRYYNNKCHK
SODIUM,MNHLVMISLALLFMTGVESVRDGYIAKPENCVYHCIPDCDTLCKDNGGTGGHCGFKLGHGIACWCNALPDNVGIIVDGVKCHKG
SODIUM,KEGYLVNKSTGCKYGCFWLGKNENCDKECKAKNQGGSYGYCYSFACWCEGLPESTPTYPLPNKSCS
SODIUM,MKGMILFISCLLLIDIVVGGKEGYLMDHEGCKLSCFIRPSGYCGRECTLKKGSSGYCAWPACYCYGLPNWVKVWDRATNKCGKK
SODIUM,VRDAYIAKPHNCVYECARNEYCNDLCTKDGAKSGYCQWVGKYGNGCWCIELPDNVPIRIPGNCH
SODIUM,MNHLVIISLALLFMTGGESAHNGYIAAPHNCPYPCYPMICFNLCIRKGGSRKIECKWFPPHGNSCWCNDLPDNVPIIEEGKNAPEHKPKNKNTKNVS
SODIUM,MNPLFLVALTCLLALGVESKKDGYPVDAGNCKYECLRDSYCADLCAKRKADSGECYLRTFSCYCKGLPDNEPIKKSGKCNGALGGRKAPSE
SODIUM,MNYLVMISFALLLMTGVESVRDAYIAKPENCVYHCATNEGCNKLCTDNGAESGYCQWGGKYGNACWCIKLPDDVPIRVPGKCHR
SODIUM,MKRFLLFISILMMIGTIVVGKEGYAMDHEGCKFSCFIRPSGFCDGYCKTHLKASSGYCAWPACYCYGVPSNIKVWDYATNKCGK
SODIUM,MNYLVFFSLALLLMTGVESVRDGYIADDKNCAYFCGRNAYCDDECKKKGAESGYCQWAGVYGNACWCYKLPDKVPIRVPGKCNGG
SODIUM,KEGYIVNLSTGCKYECYKLGDNDYCLRECKQQYGKGAGGYCYAFGCWCTHLYEQAVVWPLPKKTCT
SODIUM,MNYLVMISFALLLMTGVESVRDAYIAKPENCVYHCATNEGCNKLCTDNGAESGYCQWGGRYGNACWCIKLPDSVPIRVPGKCHR
SODIUM,MKLLLLLIISASMLIEELVSADGFIKDSDGCKISCPTYGYCDDYCKARGGTKGTCYLFLKGCWCIGLPDDKAWKEETESPSCGRKK
SODIUM,MKFFLLALCLVLIGMVHAKDGYLVSKHSGCKLSCMLKLGDKFCHTECKSLIHRGVEGYCYGFGCYCKGMPKNAEVFPLPKKSCSK
SODIUM,YIVMISLALVVMIGVESVRDGYIVYPNNCVYHCIPACDGLCKKNGGTSGSCSFLIGSGIACWCKDLPDNVPIKDPSQKCTR
SODIUM,MKTALLLVISTLMLIGVQTKKSGYPTDHEGCKNWCVFNHFCERMCIRYGGSGYCYFWKMACWCDNIHDSVPTWSRATNKCRAK
SODIUM,KEGYPVDWGNCKYECMSDAYCKDLCVDRKAKSGYCYKLNWSCYCEGLPDDSPIKTNGHCRPGGRRK
SODIUM,MKCFAILILCLIVFAFEFPDVQGKKDGYPLDSTGQVINCVAGMLGDNTYCKSSCKSRGSNFGYCYAFACWCEGLNDDIKIWKKG
SODIUM,GRDAYIADSENCTYFCGSNPYCNDVCTENGAKSGYCQWAGRYGNACYCIDLPASERIKEPGKCG
SODIUM,MNYLIIISLALLLMTGAVSGARDGYLVDDKNCAVTCALNKFCNTECIKNGAESGYCQWLGKYGNACWCIKLPNKVPIKVPGTCKGR
VENOM,MKFSLISVFLFAVFLSNENIFQAIADNRYLPTIFKNPVNAEQRSEAVMSSSLTNEEESRNWPHRATRNTLEKGQKRSPAARSEIEEMEEYDDRWMW
VENOM,MSRRLILTLVLVTMLVKTMAGMESKWVETTDEIKKRSGTPEKERESGRLLGVVKRYIVCVRNPCPGRRAISEQT
VENOM,MASKTVLVLLLVSVLVSTFCTAKAYPASLEDNFDLDALDDLDDLDLEDFYDLEPADLVLLDMWASMLENSDFEDDFE
VENOM,MQMKYLIPIFFLVLIVADHCHAFIGMIPGLIGGLISAFKGRRKRDITAQIEQYRNIQKREAAELEELLANLPVY
VENOM,MKTQFIVLIVAIVFLQLLSQSEAIFSAIAGLLSNLLGKRDLRHLDLDQFDDMFDQPEISAADMKFLQDLLR
VENOM,FGVLNFF
VENOM,SNVCFNACMKISSSQKTCQILC
VENOM,MKTQTALFFFFLFSLMVATQSGVVDTLKNLLMGLLSKRALRNQNFVEYAYDPSLSAADWRALDTLFENY
VENOM,MKSMIAVLLLALVATSMAGYLGLGYGGLYGAYGGLYGAGVPVGRAVAYSSSIRHPGFGGLGVLGGYGGYGYGLGLGAYGYGGYGLGYGLGLGLGHGKIW
VENOM,GWGRTIRTHXSIDLNXGE
VENOM,MNENLWAAPAPKKLSKHFFGRGGPLGKETGPNLFPKKPGAGKGLGFPPTKKPRGQPRVLKKPKWNSEGLIGILHRGSDGVQF
VENOM,MSRRLILILVLVAMLVKTMAGMESKWVETTYEIKKRSGTSEKERESERLLGVVNPLIKCFRSPCPGRRAISEQT
VENOM,MKFIIVLLLLTALTLTSIPVIEGILKRCKTYDDCKDVCKARKGKCEFGICKCMIKSGK
VENOM,VTMGYIKDGDGKKIAKKKNKNGRKHVEIDLNKVG
VENOM,VAIRIIWSDIQD
VENOM,NRTFKTNTKCHVKNQCNFLCQ
VENOM,MVIFLAYFLVVNESEAFFGHLFKLATKIIPSLFQRKKERSVMNRDLENLFDPYQRNLEMDRLLKQLRNY
VENOM,MKFVFASFALFVIFLCFSQSLSQSYFRCRDNEVFDNCISNCGPPRCSNILNTYPCTNLGPLCTPGCKCKDGRVYDNQGRCVLQTECFQK
VENOM,MRFSIISASLVLIFANVKAFNEEEILEIFCGVPKKLVSRYNQCLIDHGPEIIKKNYEIINSCMKGHLGSETESAMEYVCNKKNVDISIKRCISDKISEEMKEFDRRARLEVWDVLYVCIFKA
VENOM,ILGKFCDEIKRIV
VENOM,QMTCRISGEVFTWCGTTCPLTCENFRNPPKHCPQGCFVGCMCRRGLVRHRNGRCVRPPRCYY
VENOM,MSRRRILILVLVTMLVKTMAGMESKWVETTYEIKKRSGTSEKERESGRLLGVVKRLIVGFRSPFRGRRAISEQT
VENOM,MKSQTFFLLFLVVLLLAISQSEAFIGAIANLLSKIFGKRSMRDMDTMKYLYDPSLSAADLKTLQKLMENY
VENOM,MQIKHLITLFFLVLIVADQCSAFFSLIPSLVGGLISAFKGRRKREISAQIEQYKDLQKREAELEKLLDRLPMY
VENOM,MIRYVLVIITCFLVAAKSHVTIGPVPNNLGFPDRSILLALVAPTCEPELEGLVDECVNNVTIRNVCYDCFREGLTKVYSYCCHKYNHMYEWCLEYFSGEMK
VENOM,SIYERCELARELINR
VENOM,MKTQIVILFISMIMLQMFVQIEGGFWGSLWEGVKSVVGKRGLRNLDDLDDLDLDHLFDSDVSDADLRLLKQMFR
VENOM,MNAKVMLVCLLVTMLVMEPAEAGIWSWIKKTAKKVWNSDVAKKLKGKALNVAKDFVAEKIGATPAEAGQIPFDEFMNVLYS
VENOM,MKWGALLCIFGFLAFCSVLDRGLGWIPDIWQKCSSKNEEFQQCGSSCPETCANHKNPEPKSCAAVCFVGCVCKPGFIRDDLKGSICVKPEDCSK
VENOM,XNPELRCGLKD
VENOM,MKVKFLLAVFLIVLVVTDHCHALFGLIPSLIGGLVSAFKGRRKRQMEARFEPQNRNYRKRELDLEKLFANMPDY
VENOM,FENEDEGYFQDPEDCS
VENOM,MQIKHLITLFFLVLIGADQCSAFFSLIPSLIGGLVFAIKGRKKREVSPQIDQYRNFQKREAELEELLDRLPMY
VENOM,GFIGDIWSGIQG
VENOM,MKALCAILLVLFACSVMFEHFSISTAEKVLQNPLSELKRNCEKADCRRSLPQNKQHDFKE
VENOM,MEIKYLLTVFLVLLIVSDHCQAFLFSLIPHAISGLISAFKGRRKRDLDGQIDRFRNFRKRDAELEELLSKLPIY
VENOM,MDSKYLFVFLIFNVIVIDLCQGFLWGLIPGAISAVTSLIKKGRRRRELGSQYDYLQDFRKRELDLDDLLSKFPDY
VENOM,MNKKTLLVIFIVTLLIADEVNSFKFGGFLKKMWKSKLAKKLRAKGKQMLKEYANKVLSPEEEAPAAVPAGAPERRRR
VENOM,FLSLIPGAISAIASLFK
VENOM,MSRRVILTLVLVTILVKTMAGMESKKVETTDEIKKRSGTSEKERESGRLLGVVKRLIVCFRSPFPGRRAISEQT
VENOM,KKDGYPVEYDRAY
VENOM,MKTQFVILIVAVVLLQLISHSEAFLGALWNVAKSVFGKRGLRNFDDLDDTFEPEMSEADLKYLQDLLR
VENOM,MTFITLTIGLSLRTIFLIFIFLPPPHLLARTTSLTRRQTRKTTIKVFVFILPFYQTPNW
VENOM,AENRERVMVQ
VENOM,MKTHFAIFLITLFLFQMFSQSDAIFKAIWSGIKRLCGKRGLSDLYDLDEMFDGEISQADIDFLKELMR
VENOM,FFGSLLSLGSKLLPSVFKLFQRKKE
VENOM,MNGKLLLVSLMVTMLVMQPAEAGVWDWLKKTAKNVWNSDIVKQLKGKAINAAKNYVAEKIGATPSVAGQIPFDEFMDILHYRP
VENOM,MKTQFVILLVALVLFQMFAQSEAIFSAIGGFLKSIFGKRGLQDLDMDDLDQLFDGEISQADINFLNQLMR
VENOM,MVSTLMIASVKLRLYCTALIILCNQKNPSEFNVLIHKLIIKWGFMNKNFHFVSVFFIKF
VENOM,MNRKTLLVIFFVTLLIAEEVNSFRLGGFLKKIWRSKLVKRLRSKGKQLLKEALAPEPAPEPAPEPAPEAAPEAAPEPAAAAPERRRRR
VENOM,MKSMIAAILFALVATSLAGYLGYAGYGGPYGGYGAFGFRGVPVGRAVAYSSSIRHPGYGYGLGLGYGGLGYGLGYGGYGGYGLGYGYGGYGLGLGHGLGLGKVW
VENOM,MKPRVFFLLFLLVAAMIETGESEENEEGSNESGKSTEAKNTDASVDNEDSDIDGDSD
VENOM,MKSQAFFLLFLVVLLLATTQSEAFLGALLSKIFGKRSLRDVDTMK
VENOM,MISRFCLLFLLVFVVSKIQAVEDFNEENEVDDLDDLDFLDDLDLDLSPEELEYLENWAKEFED
VENOM,MKTQFVILMITVILMQMLVQTEGGILGKLWEGFKSIVGKRGLNDRDQLDDLFDSDLSDADIKLLKEMFK
VENOM,MNAKAFLAIFMIALLITDRAEAGWWNAFKSIGKKLLKSKLAKDITKMAKQRAKEYVVKKLNGPPEEEVAAIDALMNSLDY
VENOM,MEIKYLLTVFLVLLIGSDYCQAFLFSLIPHAIGGLISAFKGRRKRDLDGQIDRSRNFRKRDAELEELLSKLPIY
VENOM,MKTVSTVAILAIFLLIVITTIETNRILPTLIGPLGRRSKLETFKRIARTLSAGISAKRSLEDVNSLTGMSS
VENOM,ECPALYRRYSKEHTFCKTKNQKCNIKRWGVSQDDRNTIINLHNKVRNNIALGQDQSGRLPAAGDMLEMEWDDELAQIAQKLADQCVFKHDCDDCRKVENFDVGQNIFTRGITAVEIPDPFKSWTQLYVCNYGPAGNLDDSELYKVDKPCEKCPSNTCCGSHCKKHNKSTSYLGLCDVLNGSGPDFDETDFSNYIFNCDFKPESDCNNKVEGS
VENOM,MKAQFAILLITLVLFQMFSQSEAIFGAIWKGISSLLGKRGLNNLNDFDELFDGEITKADLDFMREIMK
VENOM,GSLGEKYAQKAAEVLTSIIP
VENOM,MQIKHLITLFFLVLIVADQCSAFLSLIPSLVGGSISAFKGRRKREISAQIEQYKDLQKREAELEELLDRLPMY
VENOM,MNRKLLFVTLMVTMLVMQPSEGGKVWDWIKSTAKKLWNSEPVKELKNTALNAAKNLVAEKIGATPSEAGQMPFDEFMDILYE
VENOM,FWGALAKGALKLIPSLFSSFSKKD
VENOM,MKVKCLLAVFLIVLIAAEHCQALFFLPSLIGGLISAFKGRRKRELGTQFQPRQKNFMRREVDLERLFAEMPDY
VENOM,EHPALYRRYSKEHTFCKTKNQXCN
VENOM,MLKLVILLCVIESIYSLSCPCQWNKSLRDSCRIPENCLAGTTKDVCGCCDVCAKIEGESCGGPWNIGGSCAVGLTCVKVDKRNFHSKGVCKLN
VENOM,MVSKSLIVLLLVSVLVSTFFTTEAYPASYDDDFDALDDLDDLDLDDLLDLEPADLVLLDMWANMLDSQDFEDFE
VENOM,MSSKTLLVLLLVGVLVSTFFTADAYPASMDNYDDALEELDNLDLDDYFDLEPADFVLLDMWANMLESSDFDDME
VENOM,IWSGIQGAF
VENOM,KYYEPNTVQGRSVIVHLFEWRWKDVADECEQFLSPKGY
VENOM,DNLKKRRRCADDD
VENOM,MKTQTVLFSFFLVLLLVATQTEGGILDALTGILGKRALRNQNFVDYAYDPSLSAADWRALETLLEDY
VENOM,LRDYANRVINGGPVEAAGPPA
VENOM,MHFSGVVLILLSMTLVNFVFVETKVETGQYVKCKYDICAKSCQEEKGKRTGFCSNPECICSKD
VENOM,MNKLFLFTLLVTLWSVKGFTYEEKKQAFCSLPKVYQIRLLDCLIDRGSENDKEVVNAVYKCMNEHSDVDGKADAMMKAVCNEEIFATNRNLILCMLVNPPKLEHSERTNDDDLEAVKYCLVNG
VENOM,MKTQFTVLLITLVLFQMLSQSEAILSYLWNGIKSIFGKRGLSDLSDLDELFDGEITKADLDLLREIM
VENOM,MKTQIVILIVAVLFLQLVSQSDAFLKGIIDTVSKLFGKRGLKNLDQYNDLFDGEISDADIKYLQDLMR
VENOM,QPNLWRCEKDEEFVNCAPRCPQNCRNIRSYQPCLVLTPVCAPGCVCRSGKVKNDRGDCVSITDCFK
VENOM,MNTKTLIVVFLVCLLVSEVVLARRCGGGRKIKIKKIVRKLRPIVRVMKVITRMRTRRPRPRPCNSS
VENOM,MQMKYLIPIFFLVLIVADHCHAFLGMIPGLIGGLISAFKGRRKRDITSQIEQYRNLQKREAELEDILANLPVY
VENOM,MKTQFAILLITLVLFQMFSQSDAILGEIWKGIKDILGKRGLNDLSDLDELFDGEISKADLDFLREIM
VENOM,MKCLIILVIFAIATTQIRAACNQQSDCPPGSCCKKPNSYMEGGCFPLLKRGESCYVKDNRIYDVYREKCPCGEGLRCHQFAEGIWQGQCVETS
VENOM,MKTQTALFSFFLVLLLVATQTEGGILDAITGLLGKRALRNQNFVDYAFDPSLSAADWRALETLLEEY
VENOM,MKTQFAILLIALVLFQMFSQSEAFLGGLWKAMSNLLGKRGLNELDDLDELFDGEISQADIDFLKELMS
VENOM,MNLALFIIFATIFENVVPENCPKMYRRLSKSHTFCTPSTCKIEAGGKVTESDKQTILETHNQLRNKLATGKENQYQKLSSAANMMQMEWDDELAAVAQAHANQCKFEHDSGDQRAVGNFSVGQNLLETSGIFSIDWGKVKIWYTTEVDDFYPEYNKPFQFHGSYGHFSQVIWAKTWKVGCGVAGYVENGVKKVLYTCNYGPAGNLVGSEAYQVGSPCSACPENTKCSATYPGLCKSITPDGPQIRRPSSKDYLLYCDFSDKDPKACKDVTMTGSRPFTTQKLYTGKYVTQVFNAGENMTINFGKFEHKGGLCAFLIGRFGPNVAGETAASEVNFHFSAPHLIFPEGMKETRPITSWHTIGILMRWDKELQISYVFKVKPPTAKPPPQYFEFKEYGVKGGSCP
VENOM,MKFQYLLAVFLIVLVVTDHCQAFFSLLPSLIGGLVSAIKGRRRRQLEARFEPKQRNFRKRELDFEKLFANMPDY
VENOM,MKLQIILLISAFILLLSISHTEAFLGFLKNLFGKRALRDLNKYDYMSDPSFSAEDIKALRELFR
VENOM,MKTQLAILLITLVLFQMFSQSDAILGEIWKGIKDILGKRGLNDLSDLDELFDGEISKADLDFLREIM
VENOM,MKTQFAILLIALVLFQLLSQSDAFLSTIWNGIKSLLGRRGLNELDNLDELFDGEISQADIDFLKELMS
VENOM,MKVKCLLAVFLIVLIAAEHCQALFFLPSLIGGLISAIKGRRKRELGTQFRPQQKNFMRREIDLERLFAEMPDY
VENOM,MKMKMIVVISILLIVFSLSSKAMSLEDEQESVQREEDDLLGFSEEDLKAIKEHRAKNAGRFDPAV
VENOM,MKTQFAVLIISMILMQMLVQTEAGFWGKLWEGVKSAIGKRSLRNQDQFDNMFDSDLSDADLKLLDDLFD
VENOM,MKSQTFFLLFLVVLLLAISQSEAFIGAVAGLLSKIFGKRSMRDMDTMKYLYDPSLSAADLKTLQKLMENY
VENOM,MKTQTLLFTFSLVLLMVATQTEALLGGLLQSLLGKRGLLDNLLGKRGLLFGKRALTNQDLFDLAYDPSLSAADMDALEMLLENY
VENOM,GKVWDWIKSAAKKIWSSEPVSQLKGQVLNAAKNYVAEKIGATPT
VENOM,LGKSVTN
VENOM,YDRYEVVYR
VENOM,MKMMIAIVFVSILLLMFSLSSTAMGMETEQQNMEERADVDFTGIADSIIKKIKETNAKPPARFDPATFGENED
VENOM,MKTQLAFLAITVILMQLFAQTEAGFWGKLWEGVKNAIGKRGLRNVDQIADLFDSGLSDADDLFDSGLSDADAKFMKMFM
VENOM,MKSFIIFSGLIFVIFLSNKYSCQPVADNQYLSSLSENVKVLEQRMYPAMSASSANEEKRFQLEIFGSMAKAEEQRSRYPNPLFFHSWKDTED
VENOM,MVSKSLIVLLLVSVLVSTFFTTGAYPTSYDDDFDALDDLDDLDLDDLLDLEPADLVLLDMWANMLDSQDFEDFE
VENOM,AENRERVMVQGEEENTKELTGIEFENGFISCMQN
VENOM,GKVWDWIKKTAKDVLNSDVAKQLKNKALNAAKNFVAEKIGATPSEAGQMPFDEFMDILHYY
VENOM,DFTGVKFDNTIGCGKG
VENOM,MNSKYLFVFLILNVIFIDLCQGFLFNVIPHAINATASLIKKGTRRRELGSQYDYLQDFRKRELDLDDLLSKFPDY
VENOM,MKTQFVILIVAVVLLQLIANSEAFLSTLWNAAKSIFGKRGLRNLDNLDDDIFEPEMSEADLRYLQDLLR
VENOM,MNFQVFSLIFFNFVYYCSCSTFEEALCELEKEERVKVLRCYEENTDPGILLYSKSFLSCLLDERASFITLNEMACGKTFSTNERRACFEEANVFLVNFTEEMKKKHKNAVKKCFDK
VENOM,KQLLKEALAPEPAPKPAPEPAPEPAPEPAPEAAPEPAAAAPEAAPE
VENOM,MVSKSLIVLLLVSVLVSTFFTTEAYPASYDDDFDALDDLDGLDLDDLLDSEPADLVLLDMWANMLDSQDFEDFE
VENOM,MNSREMFCVFILFASFFYCSYAEQECNCDKSCEPVKDCTFGTAMDKCGCCEVCAVGIGHFCGKFFNNAVCAEGLKCAKLGEGADGEALEICLRA
VENOM,MEIKYLLTVFLVLLIVSDHCQAFLFSLIPNAISGLLSAFKGRRKRNLDGQIDRFRNFRKRDAELEELLSKLPIY
VENOM,MKNQFVLLLLAIVFLQMIFQSDAILSAIWSGIKSLFGKRGLENMDKFDELFDGDLSEADLDFLKELMR
VENOM,MEIKYLLTVFLVLLIVSDHCQAFPFSLIPHAIGGLISAIKGRRKRDLDGQIDRSRNFRKRDAELEELLSKLPIY
VENOM,MQIKHLITLFFLVLIVADQCSAFFSLIPSLIGGLVSAIKGGRRKREIAAQIEQYRDLQKREAELEELLDRLPMF
VENOM,AVSCFKACMKKRGIPFVCSVDC
VENOM,GILDTIKSIASKVWNSKTVQDLKRKGINWVANKLGVSPQAA
VENOM,MKTTLIFCILGIVIPTAVVSSQDFCGLSQQEREDYWECVERGMSADELNQAKLFLECINKQSAVELLAFFCNADSIEDSIEKEEFRLLFAECLKSHPASFNAGNESCLKEARK
VENOM,ISDDIQSIIQGIF
VENOM,MKTQFAILMIAVVLMQMLVQTEGGILGKIWEGVKSLIGKRGLKKLDQLDDTFDSDLSDADVKLLREMFK
VENOM,GKVWDWIKSTAKKLWNSEPVKELKNTALNAAKNFVAEKIGATPS
VENOM,GKFGKCKPSIXATCQ
VENOM,FFFLPSLIGGLVSAIK
VENOM,MQIKHLITLFFLVLIVADQCSAFFSLIPSLIGGLVSAIKGRKKREISTQIDQYRNLQKREAELEELLDRLPMY
VENOM,MNSKYLFVFLILNVIFIDLCQGFLWSLIPSAISAVTSLIKKGRRRRELGSQYDYLQDFRKRELDLDDLLSKFPDY
